visitor,home,gametime,channel

American University,Army,2024-02-28 3:00 PM CST,ESPN+
Boston University,Lehigh,2024-02-28 5:00 PM CST,ESPN+
Missouri,Florida,2024-02-28 5:30 PM CST,SECN
Rhode Island,VCU,2024-02-28 5:30 PM CST,CBSSN
Detroit,Youngstown State,2024-02-28 5:30 PM CST,ESPN+
Old Dominion,Appalachian State,2024-02-28 5:30 PM CST,ESPN+
Auburn,Tennessee,2024-02-28 6:00 PM CST,ESPN2
Providence,Marquette,2024-02-28 6:00 PM CST,FS1
Louisville,Duke,2024-02-28 6:00 PM CST,ACCN
North Texas,Tulane,2024-02-28 6:00 PM CST,ESPN+
Presbyterian,South Carolina Upstate,2024-02-28 6:00 PM CST,ESPN+
Winthrop,High Point,2024-02-28 6:00 PM CST,ESPN+
Radford,Charleston Southern,2024-02-28 6:00 PM CST,ESPN+
Northwestern,Maryland,2024-02-28 6:00 PM CST,BTN
Stetson,Jacksonville,2024-02-28 6:00 PM CST,ESPN+
DePaul,Xavier,2024-02-28 6:00 PM CST,FS2
Colgate,Holy Cross,2024-02-28 6:00 PM CST,ESPN+
Lafayette,Navy,2024-02-28 6:00 PM CST,ESPN+
La Salle,Duquesne,2024-02-28 6:00 PM CST,ESPN+
Bucknell,Loyola Maryland,2024-02-28 6:00 PM CST,ESPN+
Mercer,Chattanooga,2024-02-28 6:00 PM CST,ESPN+
Furman,Western Carolina,2024-02-28 6:00 PM CST,ESPNU
East Tennessee State,The Citadel,2024-02-28 6:00 PM CST,ESPN+
VMI,UNC Greensboro,2024-02-28 6:00 PM CST,ESPN+
Samford,Wofford,2024-02-28 6:00 PM CST,ESPN+
Northern Kentucky,Robert Morris,2024-02-28 6:00 PM CST,ESPN+
Milwaukee,IUPUI,2024-02-28 6:00 PM CST,ESPN+
Green Bay,Cleveland State,2024-02-28 6:00 PM CST,ESPN+
Purdue Fort Wayne,Wright State,2024-02-28 6:00 PM CST,ESPN+
James Madison,Georgia State,2024-02-28 6:00 PM CST,ESPN+
Marshall,Georgia Southern,2024-02-28 6:00 PM CST,ESPN+
Florida Gulf Coast,North Florida,2024-02-28 6:00 PM CST,ESPN+
Arkansas State,Coastal Carolina,2024-02-28 6:30 PM CST,ESPN+
Oklahoma,Iowa State,2024-02-28 7:00 PM CST,ESPN+
California,Colorado,2024-02-28 7:00 PM CST,PAC12
UCF,Oklahoma State,2024-02-28 7:00 PM CST,ESPN+
Tulsa,UTSA,2024-02-28 7:00 PM CST,ESPN+
Wichita State,UAB,2024-02-28 7:00 PM CST,ESPN+
Temple,Rice,2024-02-28 7:00 PM CST,ESPN+
Drake,UIC,2024-02-28 7:00 PM CST,ESPN+
Belmont,Murray State,2024-02-28 7:00 PM CST,ESPN+
Missouri State,Illinois State,2024-02-28 7:00 PM CST,ESPN+
Indiana State,Evansville,2024-02-28 7:00 PM CST,ESPN+
Southern Illinois,Bradley,2024-02-28 7:00 PM CST,ESPN+
Richmond,Saint Louis,2024-02-28 7:00 PM CST,ESPN+
Bellarmine,Lipscomb,2024-02-28 7:00 PM CST,ESPN+
Southern Miss,South Alabama,2024-02-28 7:00 PM CST,ESPN+
Troy,Louisiana,2024-02-28 7:00 PM CST,ESPN+
Eastern Kentucky,Austin Peay,2024-02-28 7:00 PM CST,ESPN+
Louisiana Tech,Western Kentucky,2024-02-28 7:00 PM CST,ESPN+
South Carolina,Texas A&M,2024-02-28 7:30 PM CST,SECN
St. John's,Butler,2024-02-28 7:30 PM CST,CBSSN
Seton Hall,Creighton,2024-02-28 8:00 PM CST,FS1
Minnesota,Illinois,2024-02-28 8:00 PM CST,BTN
Alabama,Ole Miss,2024-02-28 8:00 PM CST,ESPN2
Virginia,Boston College,2024-02-28 8:00 PM CST,ESPNU
Arizona,Arizona State,2024-02-28 9:00 PM CST,PAC12
Oregon State,Oregon,2024-02-28 10:00 PM CST,FS1
Maine,Binghamton,2024-02-29 5:07 PM CST,ESPN+,
Nebraska,Ohio State,2024-02-29 5:30 PM CST,FS1,
Bryant,UMass Lowell,2024-02-29 5:30 PM CST,ESPN+,
Memphis,East Carolina,2024-02-29 6:00 PM CST,ESPN2,
Longwood,Gardner-Webb,2024-02-29 6:00 PM CST,ESPN+,
William & Mary,Elon,2024-02-29 6:00 PM CST,CBSSN,
Towson,North Carolina A&T,2024-02-29 6:00 PM CST,,
Stony Brook,Drexel,2024-02-29 6:00 PM CST,,
Northeastern,Delaware,2024-02-29 6:00 PM CST,,
Monmouth,Hampton,2024-02-29 6:00 PM CST,,
Hofstra,UNC Wilmington,2024-02-29 6:00 PM CST,,
Campbell,Charleston,2024-02-29 6:00 PM CST,,
Merrimack,Fairleigh Dickinson,2024-02-29 6:00 PM CST,,
Long Island University,Central Connecticut,2024-02-29 6:00 PM CST,,
Wagner,Le Moyne,2024-02-29 6:00 PM CST,,
Sacred Heart,Stonehill,2024-02-29 6:00 PM CST,,
UMBC,NJIT,2024-02-29 6:00 PM CST,ESPN+,
New Hampshire,UAlbany,2024-02-29 6:00 PM CST,ESPN+,
UTEP,Jacksonville State,2024-02-29 6:00 PM CST,ESPN+,
Southeast Missouri State,Morehead State,2024-02-29 6:30 PM CST,ESPN+,
South Dakota State,North Dakota,2024-02-29 7:00 PM CST,,
North Dakota State,South Dakota,2024-02-29 7:00 PM CST,,
Omaha,St. Thomas-Minnesota,2024-02-29 7:00 PM CST,,
Stanford,Utah,2024-02-29 7:30 PM CST,PAC12,
Michigan,Rutgers,2024-02-29 7:30 PM CST,FS1,
Tennessee Tech,UT Martin,2024-02-29 7:30 PM CST,ESPN+,
Lindenwood,Southern Indiana,2024-02-29 7:30 PM CST,ESPN+,
Eastern Illinois,Western Illinois,2024-02-29 7:30 PM CST,ESPN+,
Abilene Christian,Southern Utah,2024-02-29 7:30 PM CST,ESPN+,
Santa Clara,Portland,2024-02-29 8:00 PM CST,ESPN+,
Tennessee State,Little Rock,2024-02-29 8:00 PM CST,ESPNU,
Kansas City,Denver,2024-02-29 8:00 PM CST,,
Tarleton State,Utah Tech,2024-02-29 8:00 PM CST,ESPN+,
UT Rio Grande Valley,Grand Canyon,2024-02-29 8:00 PM CST,ESPN+,
Hawaii,UC Davis,2024-02-29 8:00 PM CST,ESPN+,
New Mexico State,Liberty,2024-02-29 8:00 PM CST,CBSSN,
Northern Colorado,Weber State,2024-02-29 8:00 PM CST,ESPN+,
Northern Arizona,Idaho State,2024-02-29 8:00 PM CST,ESPN+,
Montana State,Idaho,2024-02-29 8:00 PM CST,ESPN+,
Montana,Eastern Washington,2024-02-29 8:00 PM CST,ESPN+,
San Diego,Loyola Marymount,2024-02-29 9:00 PM CST,ESPN+,
Stephen F. Austin,California Baptist,2024-02-29 9:00 PM CST,ESPN+,
UT Arlington,Seattle U,2024-02-29 9:00 PM CST,ESPN+,
UC Irvine,Cal State Northridge,2024-02-29 9:00 PM CST,ESPN+,
Cal State Fullerton,Long Beach State,2024-02-29 9:00 PM CST,ESPN+,
UC San Diego,Cal State Bakersfield,2024-02-29 9:00 PM CST,ESPN+,
Cal Poly,UC Santa Barbara,2024-02-29 9:00 PM CST,ESPN+,
USC,Washington State,2024-02-29 9:30 PM CST,PAC12,
UCLA,Washington,2024-02-29 9:30 PM CST,FS1,
Saint Mary's,Pepperdine,2024-02-29 10:00 PM CST,CBSSN,
Gonzaga,San Francisco,2024-02-29 10:00 PM CST,ESPN2,
Bowling Green,Ohio,2024-03-01 5:00 PM CST,CBSSN,
Arkansas State,Appalachian State,2024-03-01 5:30 PM CST,ESPN+,
Manhattan,Siena,2024-03-01 6:00 PM CST,ESPN+,
Rider,Niagara,2024-03-01 6:00 PM CST,ESPN+,
Quinnipiac,Iona,2024-03-01 6:00 PM CST,ESPN+,
Fairfield,Marist,2024-03-01 6:00 PM CST,ESPNU,
Mount St. Mary's,Canisius,2024-03-01 6:00 PM CST,ESPN+,
Florida Gulf Coast,Jacksonville,2024-03-01 6:00 PM CST,ESPN+,
Dartmouth,Yale,2024-03-01 6:00 PM CST,ESPN+,
Marshall,Georgia State,2024-03-01 6:00 PM CST,ESPN+,
Old Dominion,Georgia Southern,2024-03-01 6:00 PM CST,ESPN+,
Harvard,Brown,2024-03-01 6:00 PM CST,ESPN+,
Stetson,North Florida,2024-03-01 6:00 PM CST,ESPN+,
Kennesaw State,Queens University,2024-03-01 6:00 PM CST,ESPN+,
James Madison,Coastal Carolina,2024-03-01 6:30 PM CST,ESPN+,
North Alabama,Central Arkansas,2024-03-01 6:30 PM CST,ESPN+,
Cornell,Pennsylvania,2024-03-01 7:00 PM CST,ESPN+,
Columbia,Princeton,2024-03-01 7:00 PM CST,ESPN+,
UL Monroe,South Alabama,2024-03-01 7:00 PM CST,ESPN+,
Eastern Kentucky,Lipscomb,2024-03-01 7:00 PM CST,ESPN+,
Bellarmine,Austin Peay,2024-03-01 7:00 PM CST,ESPN+,
Troy,Texas State,2024-03-01 7:15 PM CST,ESPN+,
Southern Miss,Louisiana,2024-03-01 7:30 PM CST,ESPN+,
Dayton,Loyola Chicago,2024-03-01 8:00 PM CST,ESPN2,
Fresno State,Nevada,2024-03-01 9:30 PM CST,CBSSN,
Air Force,Utah State,2024-03-01 10:00 PM CST,FS1,
Florida,South Carolina,2024-03-01 11:00 AM CST,ESPN,
Florida State,Georgia Tech,2024-03-01 11:00 AM CST,ESPN2,
Tulane,Florida Atlantic,2024-03-01 11:00 AM CST,ESPNU,
Villanova,Providence,2024-03-01 11:00 AM CST,FOX,
Butler,DePaul,2024-03-01 11:00 AM CST,FS1,
Colgate,Lehigh,2024-03-01 11:00 AM CST,CBSSN,
Holy Cross,Boston University,2024-03-01 11:00 AM CST,,
Fordham,Saint Joseph's,2024-03-01 11:30 AM CST,ESPN+,
Kansas,Baylor,2024-03-01 12:00 PM CST,ABC,
Illinois,Wisconsin,2024-03-01 12:00 PM CST,BTN,
Tulsa,Temple,2024-03-01 12:00 PM CST,ESPN+,
Monmouth,Elon,2024-03-01 12:00 PM CST,,
Stonehill,Central Connecticut,2024-03-01 12:00 PM CST,,
Miami (OH),Eastern Michigan,2024-03-01 12:00 PM CST,ESPN+,
Wofford,VMI,2024-03-01 12:00 PM CST,ESPN+,
Arkansas,Kentucky,2024-03-01 12:30 PM CST,CBS,
Oregon,Arizona,2024-03-01 1:00 PM CST,ESPN,
Oklahoma State,Texas,2024-03-01 1:00 PM CST,ESPN2,
UNC Asheville,Radford,2024-03-01 1:00 PM CST,ESPN+,
Gardner-Webb,Winthrop,2024-03-01 1:00 PM CST,ESPN+,
Charleston Southern,Presbyterian,2024-03-01 1:00 PM CST,ESPN+,
Towson,UNC Wilmington,2024-03-01 1:00 PM CST,CBSSN,
Hofstra,Charleston,2024-03-01 1:00 PM CST,,
Hampton,William & Mary,2024-03-01 1:00 PM CST,,
Navy,American University,2024-03-01 1:00 PM CST,ESPN+,
George Washington,La Salle,2024-03-01 1:00 PM CST,ESPN+,
Duquesne,George Mason,2024-03-01 1:00 PM CST,ESPN+,
Merrimack,Sacred Heart,2024-03-01 1:00 PM CST,,
Western Michigan,Ball State,2024-03-01 1:00 PM CST,ESPN+,
Toledo,Buffalo,2024-03-01 1:00 PM CST,ESPN+,
Mercer,Furman,2024-03-01 1:00 PM CST,ESPN+,
Western Carolina,Chattanooga,2024-03-01 1:00 PM CST,ESPN+,
New Hampshire,Binghamton,2024-03-01 1:00 PM CST,ESPN+,
South Dakota,North Dakota,2024-03-01 1:00 PM CST,,
South Dakota State,North Dakota State,2024-03-01 1:00 PM CST,,
Marquette,Creighton,2024-03-01 1:30 PM CST,FOX,
Massachusetts,Davidson,2024-03-01 1:30 PM CST,USA Net,
UTSA,SMU,2024-03-01 2:00 PM CST,ESPN+,
The Citadel,Samford,2024-03-01 2:00 PM CST,ESPN+,
UMass Lowell,Vermont,2024-03-01 2:00 PM CST,ESPN+,
Penn State,Minnesota,2024-03-01 2:15 PM CST,BTN,
LSU,Vanderbilt,2024-03-01 2:30 PM CST,SECN,
Central Michigan,Kent State,2024-03-01 2:30 PM CST,ESPN+,
Lindenwood,Morehead State,2024-03-01 2:30 PM CST,ESPN+,
Bethune-Cookman,Southern,2024-03-01 2:30 PM CST,,
Iowa State,UCF,2024-03-01 3:00 PM CST,ESPN+,
NC State,North Carolina,2024-03-01 3:00 PM CST,ESPN,
Mississippi State,Auburn,2024-03-01 3:00 PM CST,ESPN2,
South Florida,Charlotte,2024-03-01 3:00 PM CST,ESPN+,
USC,Washington,2024-03-01 3:00 PM CST,CBS,
Howard,Maryland-Eastern Shore,2024-03-01 3:00 PM CST,,
Wyoming,Colorado State,2024-03-01 3:00 PM CST,,
Northeastern,Drexel,2024-03-01 3:00 PM CST,,
North Carolina A&T,Campbell,2024-03-01 3:00 PM CST,,
Delaware,Stony Brook,2024-03-01 3:00 PM CST,,
Saint Louis,Rhode Island,2024-03-01 3:00 PM CST,CBSSN,
Norfolk State,Delaware State,2024-03-01 3:00 PM CST,,
North Carolina Central,Coppin State,2024-03-01 3:00 PM CST,ESPN+,
Le Moyne,St. Francis (PA),2024-03-01 3:00 PM CST,,
UNC Greensboro,East Tennessee State,2024-03-01 3:00 PM CST,ESPN+,
Tennessee Tech,Little Rock,2024-03-01 3:00 PM CST,ESPN+,
NJIT,Bryant,2024-03-01 3:00 PM CST,ESPN+,
Maine,UAlbany,2024-03-01 3:00 PM CST,ESPN+,
Lamar,Northwestern State,2024-03-01 3:00 PM CST,ESPN+,
UT Arlington,Utah Valley,2024-03-01 3:00 PM CST,ESPN+,
Northern Arizona,Weber State,2024-03-01 3:00 PM CST,ESPN+,
Montana,Idaho,2024-03-01 3:00 PM CST,ESPN+,
South Carolina State,Morgan State,2024-03-01 3:30 PM CST,,
High Point,Longwood,2024-03-01 3:30 PM CST,ESPN+,
Fairleigh Dickinson,Wagner,2024-03-01 3:30 PM CST,,
Tennessee State,UT Martin,2024-03-01 3:30 PM CST,ESPN+,
SIU Edwardsville,Western Illinois,2024-03-01 3:30 PM CST,ESPN+,
SE Louisiana,Texas A&M-Corpus Christi,2024-03-01 3:30 PM CST,ESPN+,
Texas A&M-Commerce,Houston Christian,2024-03-01 3:30 PM CST,ESPN+,
Alabama State,Alabama A&M,2024-03-01 4:00 PM CST,,
Florida A&M,Grambling,2024-03-01 4:00 PM CST,,
Army,Loyola Maryland,2024-03-01 4:00 PM CST,ESPN+,
Nicholls,McNeese,2024-03-01 4:00 PM CST,ESPN+,
New Mexico State,Jacksonville State,2024-03-01 4:00 PM CST,ESPN+,
Portland State,Sacramento State,2024-03-01 4:00 PM CST,ESPN+,
Montana State,Eastern Washington,2024-03-01 4:00 PM CST,ESPN+,
Wake Forest,Virginia Tech,2024-03-01 4:30 PM CST,CW,
Iowa,Northwestern,2024-03-01 4:30 PM CST,BTN,
Virginia,Duke,2024-03-01 5:00 PM CST,ESPN,
IUPUI,Cleveland State,2024-03-01 5:00 PM CST,ESPN+,
Pittsburgh,Boston College,2024-03-01 5:00 PM CST,ACCN,
Texas Tech,West Virginia,2024-03-01 5:00 PM CST,ESPN2,
Texas A&M,Georgia,2024-03-01 5:00 PM CST,SECN,
VCU,Richmond,2024-03-01 5:00 PM CST,CBSSN,
Northern Illinois,Akron,2024-03-01 5:00 PM CST,ESPN+,
Green Bay,Milwaukee,2024-03-01 5:00 PM CST,ESPNU,
Detroit,Oakland,2024-03-01 5:00 PM CST,ESPN+,
Jackson State,Texas Southern,2024-03-01 5:00 PM CST,,
New Orleans,Incarnate Word,2024-03-01 5:00 PM CST,ESPN+,
Dartmouth,Brown,2024-03-01 5:00 PM CST,ESPN+,
Western Kentucky,Florida International,2024-03-01 5:00 PM CST,ESPN+,
Mississippi Valley State,Arkansas-Pine Bluff,2024-03-01 5:30 PM CST,,
Alcorn State,Prairie View A&M,2024-03-01 5:30 PM CST,,
UCLA,Washington State,2024-03-01 6:00 PM CST,PAC12,
Kansas State,Cincinnati,2024-03-01 6:00 PM CST,ESPN+,
Rice,Wichita State,2024-03-01 6:00 PM CST,ESPN+,
Lafayette,Bucknell,2024-03-01 6:00 PM CST,ESPN+,
San Francisco,Santa Clara,2024-03-01 6:00 PM CST,ESPN+,
Columbia,Pennsylvania,2024-03-01 6:00 PM CST,ESPN+,
Robert Morris,Purdue Fort Wayne,2024-03-01 6:00 PM CST,ESPN+,
Northern Kentucky,Wright State,2024-03-01 6:00 PM CST,ESPN+,
Cornell,Princeton,2024-03-01 6:00 PM CST,ESPN+,
Harvard,Yale,2024-03-01 6:00 PM CST,ESPN+,
UTEP,Liberty,2024-03-01 6:00 PM CST,ESPN+,
Xavier,Georgetown,2024-03-01 6:30 PM CST,FS1,
Clemson,Notre Dame,2024-03-01 6:45 PM CST,CW,
Houston,Oklahoma,2024-03-01 7:00 PM CST,ESPN2,
Michigan State,Purdue,2024-03-01 7:00 PM CST,FOX,
Tennessee,Alabama,2024-03-01 7:00 PM CST,ESPN,
Syracuse,Louisville,2024-03-01 7:00 PM CST,ACCN,
New Mexico,Boise State,2024-03-01 7:00 PM CST,CBSSN,
Loyola Marymount,Portland,2024-03-01 7:00 PM CST,ESPN+,
Denver,St. Thomas-Minnesota,2024-03-01 7:00 PM CST,,
UT Rio Grande Valley,California Baptist,2024-03-01 7:00 PM CST,ESPN+,
Middle Tennessee,Sam Houston,2024-03-01 7:00 PM CST,ESPNU,
UC San Diego,Cal State Northridge,2024-03-01 7:00 PM CST,ESPN+,
Hawaii,UC Riverside,2024-03-01 7:00 PM CST,ESPN+,
Northern Colorado,Idaho State,2024-03-01 7:00 PM CST,ESPN+,
Ole Miss,Missouri,2024-03-01 7:30 PM CST,SECN,
Southeast Missouri State,Southern Indiana,2024-03-01 7:30 PM CST,ESPN+,
Tarleton State,Southern Utah,2024-03-01 7:30 PM CST,ESPN+,
California,Utah,2024-03-01 8:00 PM CST,PAC12,
TCU,BYU,2024-03-01 8:00 PM CST,ESPN+,
Abilene Christian,Utah Tech,2024-03-01 8:00 PM CST,ESPN+,
UC Santa Barbara,Cal State Fullerton,2024-03-01 8:00 PM CST,ESPN+,
Gonzaga,Saint Mary's,2024-03-01 9:00 PM CST,ESPN,
San José State,UNLV,2024-03-01 9:00 PM CST,CBSSN,
Pacific,San Diego,2024-03-01 9:00 PM CST,ESPN+,
Stephen F. Austin,Grand Canyon,2024-03-01 9:00 PM CST,ESPNU,
Cal State Bakersfield,Cal Poly,2024-03-01 9:00 PM CST,ESPN+,
Long Beach State,UC Irvine,2024-03-01 9:00 PM CST,ESPN2,
Seton Hall,UConn,2024-03-03 11:00 CST,CBS
Rider,Canisius,2024-03-03 12:00 CST,ESPN+
Illinois State,Valparaiso,2024-03-03 13:00 CST,ESPN+
Northern Iowa,Southern Illinois,2024-03-03 13:00 CST,ESPN+
UIC,Missouri State,2024-03-03 13:00 CST,ESPN+
Indiana,Maryland,2024-03-03 13:00 CST,CBS
Manhattan,Saint Peter's,2024-03-03 13:00 CST,ESPN+
Siena,Quinnipiac,2024-03-03 13:00 CST,ESPN+
Mount St. Mary's,Niagara,2024-03-03 13:00 CST,ESPN+
Iona,Marist,2024-03-03 13:00 CST,ESPN+
East Carolina,North Texas,2024-03-03 14:00 CST,ESPN+
Kansas City,Oral Roberts,2024-03-03 14:00 CST,
Bradley,Drake,2024-03-03 14:30 CST,ESPN2
Murray State,Indiana State,2024-03-03 15:00 CST,ESPN+
Michigan,Ohio State,2024-03-03 15:00 CST,CBS
Evansville,Belmont,2024-03-03 16:00 CST,ESPN+
UAB,Memphis,2024-03-03 16:30 CST,ESPN2
Rutgers,Nebraska,2024-03-03 17:30 CST,BTN
Stanford,Colorado,2024-03-03 20:00 CST,FS1
